find,replace
Trading Posts and Shopping Malls,Trading Posts
the Trading Post and Shopping Mall,the Trading Post
"like the Trading Post and , can help","like the Trading Post, can help"
such as Trading Posts and s.,such as Trading Posts.
"Mines and Undersea Tunnels, but not","Mines, but not"
"Nets<e>, Undersea Tunnels and Ports.",Nets<e> and Ports.
like Undersea Tunnels and Fisheries.,like Fisheries.
Undersea Tunnels enable land units to travel across water.,
Undersea Tunnels,sea routes
Undersea Tunnel,sea route
Shopping Malls,
Shopping Mall,
